run_tag,ndcg_cut_20,P_20,bpref,map,Rprec,recall_10,avg
CincyMedIR-11,0.4872,0.47,0.4365,0.1617,0.2045,0.0597,0.3032666666666667
CincyMedIR-12,0.4599,0.4467,0.4486,0.1885,0.2446,0.0576,0.30765
CincyMedIR-13,0.5261,0.5267,0.4371,0.1895,0.2372,0.0596,0.32936666666666664
CincyMedIR-14,0.4656,0.4489,0.448,0.1901,0.2457,0.0594,0.30961666666666665
CincyMedIR-15,0.4927,0.4744,0.4409,0.1657,0.2048,0.0653,0.3073
CincyMedIR-16,0.4791,0.4611,0.4512,0.192,0.2468,0.0608,0.31516666666666665
CincyMedIR-17,0.5361,0.5344,0.4416,0.1971,0.2457,0.0662,0.33685
CincyMedIR-18,0.4791,0.4633,0.4501,0.1924,0.247,0.0616,0.3155833333333333
